{"cameraMode":{"drawMode":2,"name":"Shaded Wireframe","section":"Shading Mode"},"sceneLighting":false,"audioPlay":false,"sceneViewState":{"m_AlwaysRefresh":false,"showFog":true,"showSkybox":false,"showFlares":true,"showImageEffects":true,"showParticleSystems":true,"showVisualEffectGraphs":true,"m_FxEnabled":true},"in2DMode":false,"pivot":{"x":-25.059062957763673,"y":101.35995483398438,"z":50.34620666503906},"rotation":{"x":-0.11228065937757492,"y":-0.07387736439704895,"z":0.008123300038278103,"w":-0.9909526109695435},"size":0.005579653661698103,"orthographic":false}